[
  {
    "model": "users.myuser",
    "pk": 1,
    "fields": {
      "password": "pbkdf2_sha256$260000$dummyhash",
      "last_login": null,
      "is_superuser": false,
      "username": "user1",
      "first_name": "John",
      "last_name": "Doe",
      "email": "user1@example.com",
      "is_staff": false,
      "is_active": true,
      "date_joined": "2023-01-01T00:00:00Z",
      "bio": "This is user1's biography."
    }
  },
  {
    "model": "users.myuser",
    "pk": 2,
    "fields": {
      "password": "pbkdf2_sha256$260000$dummyhash",
      "last_login": null,
      "is_superuser": false,
      "username": "user2",
      "first_name": "Jane",
      "last_name": "Smith",
      "email": "user2@example.com",
      "is_staff": false,
      "is_active": true,
      "date_joined": "2023-01-01T00:00:00Z",
      "bio": "This is user2's biography."
    }
  },
  {
    "model": "users.myuser",
    "pk": 3,
    "fields": {
      "password": "pbkdf2_sha256$260000$dummyhash",
      "last_login": null,
      "is_superuser": false,
      "username": "user3",
      "first_name": "Alice",
      "last_name": "Brown",
      "email": "user3@example.com",
      "is_staff": false,
      "is_active": true,
      "date_joined": "2023-01-01T00:00:00Z",
      "bio": "This is user3's biography."
    }
  },
  {
    "model": "blog.category",
    "pk": 1,
    "fields": {
      "is_published": true,
      "created_at": "2023-01-01T00:00:00Z",
      "title": "General",
      "description": "General category description",
      "image": null,
      "slug": "general"
    }
  },
  {
    "model": "blog.location",
    "pk": 1,
    "fields": {
      "is_published": true,
      "created_at": "2023-01-01T00:00:00Z",
      "name": "New York"
    }
  },
  {
    "model": "blog.post",
    "pk": 1,
    "fields": {
      "is_published": true,
      "created_at": "2023-01-01T00:00:00Z",
      "title": "First Post",
      "text": "This is the first post content.",
      "image": null,
      "pub_date": "2023-01-02T10:00:00Z",
      "author": 1,
      "location": 1,
      "category": 1
    }
  },
  {
    "model": "blog.comment",
    "pk": 1,
    "fields": {
      "text": "This is a comment.",
      "post": 1,
      "created_at": "2023-01-02T12:00:00Z",
      "author": 2
    }
  },
  {
    "model": "blog.profile",
    "pk": 1,
    "fields": {
      "is_published": true,
      "created_at": "2023-01-01T00:00:00Z",
      "first_name": "John",
      "last_name": "Doe",
      "email": "user1@example.com",
      "address": "123 Main St"
    }
  }
]
